"fiche89";"MS 4 D/28a"
"fiche90";"MS 4 D/28a"
"fiche91";"MS 1 G/3a"
"fiche92";"MS 1 G/3b"
"fiche93";"MS 1 G/2a"
"fiche94";"MS 4 D/25a"
"fiche95";"MS 1 G/5c"
"fiche96";"MS 1 G/5b"
"fiche97";"MS 1 G/5a"
"fiche100";"MS 1 I/1a"
"fiche102";"MS 1 I/2a"
"fiche103";"MS 1 I/13a"
"fiche104";"MS 1 I/2e"
"fiche105";"MS 1 A/2a"
"fiche106";"MS 1 B/1a"
"fiche107";"MS 1 I/2d"
"fiche109";"MS 1 I/7d"
"fiche110";"MS 1 I/7d"
"fiche111";"MS 1 I/7e"
"fiche113";"MS 3 A/1a"
"fiche114";"MS 1 C/1a"
"fiche115";"MS 1 C/2a"
"fiche116";"MS 2 D/3b"
"fiche117";"MS 1 D/4f"
"fiche118";"MS 1 D/3b"
"fiche119";"MS 1 D/1a"
"fiche120";"MS 1 D/5a"
"fiche121";"CG 49/4"
"fiche122";"1920 bis, 67"
"fiche124";"MS 5 A/16b"
"fiche125";"CG 111/11"
"fiche127";"MS 3 A/2a"
"fiche128";"CG 114"
"fiche129";"MS 4 D/27a"
"fiche130";"MS 6 F4/1e"
"fiche131";"MS 1 I/8e"
"fiche132";"MS 1 I/8f"
"fiche133";"MS 1 I/8a"
"fiche134";"MS 1 I/8b"
"fiche135";"MS 1 I/8c"
"fiche136";"MS 4 B/6a"
"fiche137";"MS 2 E/7a"
"fiche139";"MS 4 H/3a"
"fiche140";"MS 2 E/15a"
"fiche141";"COTE MANQUANTE"
"fiche142";"MS manquant !"
"fiche143";"MS 4 D/17a"
"fiche145";"MS 1 E/8a"
"fiche146";"COTE MANQUANTE"
"fiche147";"MS 1 E/1c"
"fiche148";"MS 1 E/7c"
"fiche149";"MS 5 A/1a"
"fiche150";"MS 5 A/3a"
"fiche151";"MS 5 A/4a"
"fiche152";"MS 5 A/5a"
"fiche153";"MS 2 A/1a"
"fiche154";"MS 5 A/7a"
"fiche155";"MS 5 A/8a"
"fiche156";"MS 2 C/6a"
"fiche157";"MS 5 D/1a"
"fiche158";"MS 2 B/1a"
"fiche159";"MS 5 A/9c"
"fiche160";"MS 5 A/9a"
"fiche161";"MS 5 A/9b"
"fiche162";"MS 1 A/1a"
"fiche163";"MS 1 A/1b"
"fiche164";"COTE MANQUANTE"
"fiche165";"MS 1 D/4b"
"fiche166";"MS 1 D/4a"
"fiche167";"MS 5 A/10a"
"fiche168";"MS 5 A/19a"
"fiche169";"MS 5 A/18a"
"fiche170";"MS 5 A/21a"
"fiche171";"MS 5 A/17b"
"fiche173";"MS 2 C/7a"
"fiche175";"MS 4 D/22a"
"fiche176";"MS 5 A/11a"
"fiche177";"MS 2 D/4a"
"fiche178";"MS 1 E/6a"
"fiche179";"MS 1 E/6a"
"fiche180";"MS 2 F/5b"
"fiche182";"MS 2 A/2a"
"fiche183";"MS 5 A/14a"
"fiche184";"MS 1 E/5a"
"fiche187";"MS 5 A/12a"
"fiche188";"MS 5 A/13a"
"fiche189";"MS 5 A/13b"
"fiche190";"MS 7 E/2a"
"fiche191";"MS 2 D/9a"
"fiche192";"MS 2 C/13a"
"fiche193";"MS 2 D/1a"
"fiche194";"CG 24"
"fiche195";"CG 20"
"fiche196";"MS 6 B3/6a"
"fiche199";"MS 6 C2/2a"
"fiche200";"MS 1 G/5a"
"fiche201";"MS 2 F/5n"
"fiche208";"MS 1 H1/6b"
"fiche209";"MS 1 H1/6d"
"fiche210";"COTE MANQUANTE"
"fiche212";"MS 1 H1/4a"
"fiche217";"MS 6 G5/5a"
"fiche218";"CG 133"
"fiche219";"CG 151"
"fiche223";"MS 6 E1/30a"
"fiche224";"CG 236/61"
"fiche225";"MS 4 B/15a"
"fiche226";"MS 4 C/4a"
"fiche227";"MS 4 C/14a"
"fiche228";"MS 4 C/14a"
"fiche229";"MS 4 C/14a"
"fiche231";"MS 4 C/22a"
"fiche232";"MS 2 C/16a"
"fiche234";"MS 4 D/6a"
"fiche235";"MS 4 D/6a"
"fiche236";"MS 2 E/10a"
"fiche238";"MS 4 D/22a"
"fiche239";"MS 4 D/22a"
"fiche242";"COTE MANQUANTE"
"fiche243";"COTE MANQUANTE"
"fiche244";"MS 5 A/20a"
"fiche245";"MS 4 F/33a"
"fiche246";"CG 293"
"fiche247";"CG 305"
"fiche248";"MS 4 F/35a"
"fiche250";"MS 4 F/32a"
"fiche252";"COTE MANQUANTE"
"fiche253";"MS 4 E/4a"
"fiche254";"MS 4 E/11a"
"fiche255";"BIO 54"
"fiche256";"MS 4 B/17a"
"fiche257";"MS 4 B/12a"
"fiche258";"MS 4 B/11a"
"fiche259";"MS 4 B/5a"
"fiche260";"MS 6 F16/1b"
"fiche262";"CG 394/1"
"fiche263";"CG 394/2/34"
"fiche264";"CG 394/2bis/74"
"fiche266";"MS 4 A/7a"
"fiche267";"MS 4 A/7a"
"fiche268";"MS 2 F/1a"
"fiche269";"CR 10/2"
"fiche270";"CG 363/1"
"fiche271";"CG 265/3"
"fiche272";"CG 265"
"fiche273";"CG 265/3"
"fiche274";"CG 265/2"
"fiche275";"CG 265"
"fiche276";"CG 479/3"
"fiche277";"CG 481/4"
"fiche278";"CG 485/120"
"fiche279";"CG 485/151"
"fiche281";"CG 503/3-4"
"fiche282";"CG 446"
"fiche283";"CG 531/16"
"fiche284";"CD 5/10-11"
"fiche285";"CRJ 32"
"fiche286";"CRJ 42"
"fiche287";"MS 2 E/4a"
"fiche288";"MS 2 E/4b"
"fiche289";"CEI 20/C"
"fiche290";"CG 241"
"fiche291";"CEI 29/204"
"fiche292";"CEI 29/19"
"fiche293";"CEI 20/8/167"
"fiche294";"MS 4 D/17a"
"fiche295";"BIO 34/6"
"fiche296";"Bio 34/6"
"fiche297";"BIO 34"
"fiche298";"MS 5 A/2a"
"fiche299";"MS 5 A/6a"
"fiche300";"Bio 30/C"
"fiche301";"Bibliothèque Roud"
"fiche302";"Bibliothèque Roud"
"fiche303";"Bibliothèque Roud"
"fiche304";"MS 2 B/2a"
"fiche305";"MS 6 F3/3a"
"fiche307";"MS 6 A1/4a"
"fiche308";"Bibliothèque Roud"
"fiche309";"Lettres de Gustave Roud"
"fiche310";"Lettres de Gustave Roud"
"fiche311";"Lettres de Gustave Roud"
"fiche312";"MS 2 D/1a"
"fiche313";"MS 2 E/10a"
"fiche314";"COTE MANQUANTE"
"fiche315";"MS 2 F/4a"
"fiche316";"MS 2 F/5r"
"fiche317";"MS 4 H/7a"
"fiche318";"MS 4 F/23a"
"fiche319";"MS 4 F/24a"
"fiche320";"MS 4 F/29a"
"fiche321";"MS 4 F/30a"
"fiche322";"MS 4 F/28a"
"fiche324";"MS 4 F/29a"
"fiche326";"A compléter au cours du travail"
"fiche327";"CRJ 42"
"fiche328";"MS 4 H/1a"
"fiche329";"MS 4 A/5a"
"fiche331";"COTE MANQUANTE"
"fiche332";"Bibliothèque de Roud"
"fiche334";"MS 6 B2/4a"
"fiche335";"MS 5 B/4e"
"fiche337";"A compléter au cours du travail"
"fiche338";"BIO 15"
"fiche339";"MS 4 F/25a"
"fiche340";"MS 1 H1/1a"
"fiche341";"Voir dans le dossier Requiem"
"fiche342";"Voir dans le dossier Requiem"
"fiche369";"ACR1GD/1/11"
"fiche370";"MS 1 A/3a"
"fiche371";"MS 2 C/15a"
"fiche372";"MS 1 C/1b"
"fiche373";"MS 1 C/3a"
"fiche374";"MS 1 D/2a"
"fiche375";"MS 1 D/3a"
"fiche376";"MS 1 D/4c"
"fiche378";"MS 1 A/1b"
"fiche380";"MS 1 E/1a"
"fiche381";"MS 1 E/1b"
"fiche384";"MS 1 E/3a"
"fiche385";"MS 1 E/4a"
"fiche387";"MS 1 E/6b"
"fiche388";"MS 1 E/7a"
"fiche389";"MS 1 E/7b"
"fiche392";"MS 1 F/1b"
"fiche393";"MS 1 G/1"
"fiche394";"MS 1 G/2b"
"fiche396";"MS 1 G/3c"
"fiche397";"MS 1 G/4a"
"fiche399";"D-1-ROU-1"
"fiche400";"D-1-ROU-2"
"fiche401";"D-1-ROU-3"
"fiche402";"D-1-ROU-4"
"fiche403";"D-1-ROU-4"
"fiche404";"D-1-ROU-5"
"fiche405";"D-1-ROU-6"
"fiche406";"D-1-ROU-8"
"fiche407";"D-1-ROU-9"
"fiche408";"D-1-ROU-10"
"fiche409";"D-5-2-09/07"
"fiche410";"D-5-2-09/07"
"fiche411";"D-5-2-09/08"
"fiche412";"D-5-2-09/08"
"fiche413";"D-5-2-05/04"
"fiche414";"D-5-2-05/04"
"fiche415";"D-5-2-05/05"
"fiche416";"D-5-2-05/05"
"fiche417";"MS 1 H1/2a"
"fiche418";"MS 1 H1/2b"
"fiche419";"MS 1 H1/3a"
"fiche420";"D-5-2-10/07"
"fiche421";"MS 1 H1/3b"
"fiche422";"D-5-2-10/07"
"fiche423";"MS 1 H1/3c"
"fiche424";"D-5-2-16/04"
"fiche425";"MS 1 H1/4a"
"fiche426";"D-5-2-25/03"
"fiche427";"MS 1 H1/4b"
"fiche428";"MS 1 H1/4c"
"fiche429";"MS 1 H1/4d"
"fiche430";"D-5-2-27/04"
"fiche431";"MS 1 H1/4e"
"fiche432";"MS 1 H1/4f"
"fiche433";"D-5-2-27/04"
"fiche434";"D-5-2-27/04"
"fiche435";"D-5-2-99/01"
"fiche436";"MS 4 C/14a"
"fiche437";"MS 1 H1/5a"
"fiche438";"MS 1 H1/6a"
"fiche439";"MS 1 H1/6c"
"fiche440";"MS 1 H1/6e"
"fiche441";"MS 1 H1/6f"
"fiche442";"MS 1 H2/1a"
"fiche443";"MS 1 H2/2a"
"fiche444";"MS 1 H2/2b"
"fiche445";"MS 1 H2/2c"
"fiche446";"MS 1 H2/2d"
"fiche447";"MS 1 H2/2e"
"fiche448";"MS 1 H2/3a"
"fiche449";"MS 1 H2/4a"
"fiche450";"MS 1 H2/4a"
"fiche451";"MS 1 H2/4a"
"fiche452";"MS 1 H2/4a"
"fiche453";"MS 1 H2/4b"
"fiche454";"MS 1 H2/4c"
"fiche455";"MS 1 H2/5a"
"fiche456";"MS 1 H2/5b"
"fiche457";"MS 1 H2/5c"
"fiche458";"MS 1 H2/5d"
"fiche459";"MS 1 H2/5e"
"fiche460";"MS 1 H2/5f"
"fiche461";"MS 1 H2/5g"
"fiche462";"MS 1 H2/5a"
"fiche463";"MS 1 H2/6a"
"fiche464";"MS 1 H2/6b"
"fiche465";"MS 1 H2/11a"
"fiche466";"MS 1 H2/6c"
"fiche467";"MS 1 H2/5g"
"fiche468";"MS 1 H2/7a"
"fiche469";"MS 1 H2/7b"
"fiche470";"MS 1 H2/7c"
"fiche471";"MS 1 H2/7d"
"fiche472";"MS 1 H2/7e"
"fiche473";"MS 1 H2/7f"
"fiche474";"MS 1 H2/7f"
"fiche475";"MS 1 H2/9a"
"fiche476";"MS 1 H2/9a"
"fiche477";"MS 1 H2/7g"
"fiche478";"MS 1 H2/7h"
"fiche479";"MS 1 H2/8a"
"fiche480";"MS 1 H2/8b"
"fiche481";"MS 1 H2/8b"
"fiche482";"MS 1 H2/8c"
"fiche483";"MS 1 H2/8d"
"fiche484";"MS 1 H2/8e"
"fiche485";"MS 1 H2/9b"
"fiche486";"MS 1 H2/9c"
"fiche487";"MS 1 H2/9c"
"fiche488";"MS 1 H2/9d"
"fiche489";"MS 1 H2/9e"
"fiche490";"MS 1 H2/9f"
"fiche491";"MS 1 H2/10a"
"fiche492";"MS 1 H2/10b"
"fiche493";"MS 1 H2/10b"
"fiche494";"MS 1 H2/10c"
"fiche495";"MS 1 H2/10d"
"fiche496";"MS 1 H2/10e"
"fiche497";"MS 1 H2/10f"
"fiche498";"MS 1 H2/10g"
"fiche499";"MS 1 H2/10h"
"fiche500";"MS 1 H2/14a"
"fiche501";"MS 1 H2/15a"
"fiche502";"MS 1 H2/16a"
"fiche503";"MS 1 H2/17a"
"fiche504";"MS 1 H2/18a"
"fiche505";"MS 1 H2/11b"
"fiche506";"MS 1 H2/11c"
"fiche507";"MS 1 H2/11d"
"fiche508";"MS 1 H2/12a"
"fiche509";"MS 1 H2/12b"
"fiche510";"MS 1 H2/12c"
"fiche511";"MS 1 H2/12d"
"fiche512";"MS 1 H2/12e"
"fiche513";"MS 1 H2/12f"
"fiche514";"MS 1 H2/13a"
"fiche515";"MS 1 H2/13a"
"fiche516";"MS 1 H2/13b"
"fiche517";"MS 1 H2/13c"
"fiche518";"MS 1 H2/13d"
"fiche519";"MS 1 H2/13e"
"fiche520";"MS 1 H2/13f"
"fiche521";"MS 1 H2/13f"
"fiche522";"MS 1 H2/13g"
"fiche523";"MS 1 H2/13h"
"fiche524";"MS 1 H2/13i"
"fiche525";"MS 1 H2/13j"
"fiche526";"MS 1 H2/13k"
"fiche528";"MS 1 I/2b"
"fiche529";"MS 1 I/2c"
"fiche530";"MS 1 I/3a"
"fiche531";"MS 1 I/4a"
"fiche532";"MS 1 I/4b"
"fiche533";"MS 1 I/4c"
"fiche534";"MS 1 I/4d"
"fiche535";"D-1-ROU-5"
"fiche536";"D-1-ROU-7"
"fiche537";"MS 1 I/5a"
"fiche538";"MS 1 I/5b"
"fiche539";"MS 1 I/6a"
"fiche540";"MS 1 I/7a"
"fiche541";"MS 1 I/7b"
"fiche542";"MS 1 I/7c"
"fiche543";"MS 1 I/8d"
"fiche544";"MS 1 I/9a"
"fiche545";"MS 1 I/10a"
"fiche546";"MS 1 I/12a"
"fiche547";"MS 1 I/10b"
"fiche548";"MS 1 I/12b"
"fiche549";"MS 1 I/12c"
"fiche550";"MS 1 I/11a"
"fiche551";"MS 1 I/12d"
"fiche552";"IS 4391, boîte 52"
"fiche553";"IS 4391, boîte 52"
"fiche554";"MS 1 I/12e"
"fiche555";"MS 1 I/12f"
"fiche556";"MS 1 I/14a"
"fiche557";"MS 4 A/1a"
"fiche558";"MS 4 A/2a"
"fiche559";"MS 4 A/3a"
"fiche560";"MS 4 A/4a"
"fiche561";"MS 4 A/6a"
"fiche562";"MS 4 A/7a"
"fiche563";"MS 5 A/15a"
"fiche564";"MS 4 A/8a"
"fiche565";"MS 4 A/9a"
"fiche566";"MS 4 A/10a"
"fiche567";"MS 4 A/11a"
"fiche568";"MS 4 A/12a"
"fiche569";"MS 4 A/13a"
"fiche570";"MS 4 A/14a"
"fiche571";"MS 4 B/1a"
"fiche572";"MS 4 B/2a"
"fiche573";"MS 4 B/3a"
"fiche574";"MS 4 B/4a"
"fiche575";"MS 4 B/7a"
"fiche576";"MS 4 B/8a"
"fiche577";"MS 4 B/9a"
"fiche578";"MS 4 B/10a"
"fiche579";"MS 4 B/13a"
"fiche580";"MS 4 B/14a"
"fiche581";"MS 4 B/15a"
"fiche583";"MS 4 C/9a"
"fiche584";"MS 4 C/10a"
"fiche585";"MS 4 C/11a"
"fiche586";"MS 4 B/16a"
"fiche587";"MS 4 B/17a"
"fiche588";"MS 4 C/12a"
"fiche589";"MS 4 B/18a"
"fiche590";"MS 4 B/19a"
"fiche591";"MS 106/76"
"fiche592";"ACRGD1/1/2"
"fiche593";"ACR1GD/1/1"
"fiche594";"ACR1GD/1/3"
"fiche595";"ACRGD1/1/4"
"fiche596";"ACRGD1/1/5"
"fiche597";"ACRGD1/1/6"
"fiche598";"ACRGD1/1/7"
"fiche599";"ACRGD1/1/8"
"fiche600";"ACRGD1/1/9"
"fiche601";"ACRGR1/1/8"
"fiche602";"ACRGD1/1/10"
"fiche603";"MS 4 B/20a"
"fiche604";"MS 4 C/1a"
"fiche605";"MS 4 C/1b"
"fiche606";"MS 4 C/1c"
"fiche607";"MS 4 C/13a"
"fiche608";"MS 4 C/14a"
"fiche609";"MS 4 C/2a"
"fiche610";"MS 4 C/15a"
"fiche611";"MS 4 C/16a"
"fiche612";"MS 4 C/3a"
"fiche613";"MS 4 C/4a"
"fiche614";"MS 4 C/5a"
"fiche615";"MS 4 C/6a"
"fiche616";"MS 4 C/7a"
"fiche617";"MS 4 C/8a"
"fiche618";"MS 106/66"
"fiche619";"MS 4 C/18a"
"fiche620";"MS 4 C/19a"
"fiche621";"MS 4 C/20a"
"fiche622";"MS 4 C/21a"
"fiche623";"MS 4 C/22a"
"fiche624";"MS 4 C/22a"
"fiche625";"MS 2 B/2b"
"fiche626";"MS 2 B/3a"
"fiche627";"MS 2 B/4a"
"fiche628";"MS 2 C/1a"
"fiche629";"MS 2 C/2a"
"fiche630";"MS 2 C/3a"
"fiche631";"MS 2 C/3a"
"fiche632";"MS 2 C/3a"
"fiche633";"MS 2 C/3a"
"fiche634";"MS 2 C/3a"
"fiche635";"MS 2 C/3a"
"fiche636";"MS 2 C/3b"
"fiche637";"MS 2 C/4a"
"fiche638";"MS 2 C/5a"
"fiche639";"MS 2 C/5b"
"fiche640";"MS 2 C/6b"
"fiche641";"MS 2 C/8a"
"fiche642";"MS 2 C/9a"
"fiche643";"MS 2 C/9b"
"fiche644";"MS 2 C/10a"
"fiche645";"MS 2 C/11a"
"fiche646";"MS 2 C/12a"
"fiche647";"IS 4359 – Lettres de et à Albert Mermoud / Ramuz, Roud"
"fiche648";"MS 2 C/14a"
"fiche649";"MS 2 C/14b"
"fiche650";"MS 4 C/23a"
"fiche651";"MS 4 C/24a"
"fiche652";"MS 6 A1/1a"
"fiche653";"MS 4 C/25a"
"fiche654";"MS 4 C/26a"
"fiche655";"MS 6 A1/2a"
"fiche656";"MS 4 C/27a"
"fiche657";"MS 6 A1/2b"
"fiche658";"MS 4 C/28a"
"fiche659";"MS 6 A1/2c"
"fiche660";"MS 4 C/29a"
"fiche661";"MS 4 C/30a"
"fiche662";"MS 6 A1/3a"
"fiche663";"MS 6 A1/3b"
"fiche664";"MS 6 A1/3c"
"fiche665";"MS 6 A1/3a"
"fiche666";"MS 4 D/1a"
"fiche667";"MS 4 D/2a"
"fiche668";"MS 6 A2/1a"
"fiche669";"MS 4 D/3a"
"fiche670";"MS 6 A2/2a"
"fiche671";"MS 4 D/4a"
"fiche672";"MS 6 A3/1a"
"fiche673";"MS 4 D/5a"
"fiche674";"MS 6 A3/2a"
"fiche675";"MS 6 A3/3a"
"fiche676";"MS 4 D/6a"
"fiche677";"MS 4 D/6a"
"fiche678";"MS 6 A3/4a"
"fiche679";"MS 4 D/6a"
"fiche680";"MS 4 D/6a"
"fiche682";"MS 6 B1 /1a"
"fiche683";"MS 4 D/6a"
"fiche684";"MS 6 B1/2a"
"fiche685";"MS 4 D/7a"
"fiche686";"MS 6 B1/2b"
"fiche687";"MS 6 B1/2c"
"fiche688";"MS 4 D/8a"
"fiche689";"MS 6 B1/3a"
"fiche690";"MS 4 D/9a"
"fiche691";"MS 4 D/10a"
"fiche692";"MS 4 D/10a"
"fiche693";"MS 6 B1/3b"
"fiche694";"MS 4 D/11a"
"fiche695";"MS 6 B1/3c"
"fiche696";"MS 4 D/12a"
"fiche697";"MS 4 D/13a"
"fiche698";"MS 4 D/13a"
"fiche699";"MS 4 D/13a"
"fiche700";"MS 4 D/14a"
"fiche701";"MS 4 D/15a"
"fiche702";"MS 4 D/15a"
"fiche703";"MS 6 B1/4a"
"fiche704";"MS 4 D/16a"
"fiche705";"MS 6 B1/5a"
"fiche706";"MS 6 B1/5b"
"fiche707";"MS 6 B1/5c"
"fiche708";"MS 6 B1/5d"
"fiche709";"MS 4 D/18a"
"fiche710";"MS 6 B1/5e"
"fiche711";"MS 4 D/19a"
"fiche712";"MS 4 D/20a"
"fiche713";"MS 6 B1/6a"
"fiche714";"MS 6 B1/6b"
"fiche715";"MS 6 B1/6c"
"fiche716";"MS 6 B1/6d"
"fiche717";"MS 6 B1/7a"
"fiche718";"MS 4 D/21a"
"fiche719";"MS 6 B1/7b"
"fiche720";"MA 6 B1/7c"
"fiche721";"MS 6 B1/7d"
"fiche722";"MS 4 D/21a"
"fiche723";"MS 6 B1/7e"
"fiche724";"MS 6 B1/8a"
"fiche725";"MS 6 B1/8b"
"fiche726";"MS 4 D/22a"
"fiche727";"MS 6 B1/8c"
"fiche728";"MS 6 B1/8d"
"fiche729";"MS 4 D/22a"
"fiche730";"MS 6 B1/8e"
"fiche731";"MS 4 D/22a"
"fiche732";"MS 4 D/22a"
"fiche733";"MS 4 D/22a"
"fiche734";"MS 4 D/22a"
"fiche735";"MS 6 B1/9a"
"fiche736";"MS 6 B1/9b"
"fiche737";"MS 4 D/22a"
"fiche738";"MS 4 D/22a"
"fiche739";"MS 6 B1/9c"
"fiche740";"MS 6 B1/9d"
"fiche741";"MS 6 B1/9e"
"fiche742";"MS 4 D/22a"
"fiche743";"MS 6 B1/9f"
"fiche744";"MS 6 B1/9g"
"fiche745";"MS 4 E/17a"
"fiche746";"MS 4 D/22a"
"fiche747";"MS 4 E/18a"
"fiche748";"MS 6 B1/10a"
"fiche749";"MS 6 B1/10b"
"fiche750";"MS 4 E/19a"
"fiche751";"MS 6 B1/10c"
"fiche752";"MS 4 E/20a"
"fiche753";"MS 4 D/22a"
"fiche754";"MS 6 B1/11a"
"fiche755";"MS 6 B1/12a"
"fiche756";"MS 4 D/22a"
"fiche757";"MS 4 E/21a"
"fiche758";"MS 4 D/23a"
"fiche759";"MS 6 B1/13a"
"fiche760";"MS 4 E/22a"
"fiche761";"MS 6 B1/13b"
"fiche762";"MS 4 E/23a"
"fiche763";"MS 4 D/24a"
"fiche764";"MS 6 B1/14a"
"fiche765";"MS 6 B1/15a"
"fiche766";"MS 6 B1/15b"
"fiche767";"MS 4 D/26a"
"fiche768";"MS 6 B1/16a"
"fiche769";"MS 6 B1/16b"
"fiche770";"MS 4 D/27a"
"fiche771";"MS 6 B1/17a"
"fiche772";"MS 6 B1/17b"
"fiche773";"MS 4 E/24a"
"fiche774";"MS 6 B1/18a"
"fiche775";"MS 6 B1/18b"
"fiche776";"MS 4 E/24a"
"fiche777";"MS 6 B1/18c"
"fiche778";"MS 6 B1/19a"
"fiche779";"MS 6 B1/19b"
"fiche780";"MS 6 B1 /19c"
"fiche781";"MS 4 F/1a"
"fiche782";"MS 6 B1/19d"
"fiche783";"MS 4 F/2a"
"fiche784";"MS 4 F/3a"
"fiche785";"MS 6 B1/20a"
"fiche786";"MS 4 F/4a"
"fiche787";"MS 6 B1/21a"
"fiche788";"MS 4 F/5a"
"fiche789";"MA 6 B1/21b"
"fiche790";"MS 4 F/6a"
"fiche791";"MS 6 B1/22a"
"fiche792";"MS 6 B1/23a"
"fiche793";"MS 4 F/7a"
"fiche794";"MS 6 B1/24a"
"fiche795";"MS 6 B1/24b"
"fiche796";"MS 4 D/28a"
"fiche797";"MS 4 F/8a"
"fiche798";"MS 4 E/1a"
"fiche799";"Ms 6 B1/25a"
"fiche800";"MS 6 B1/26a"
"fiche801";"MS 4 F/9a"
"fiche802";"MS 4 F/10a"
"fiche803";"MS 6 B1/27a"
"fiche804";"MS 6 B1/27b"
"fiche805";"MS 4 F/11a"
"fiche806";"MS 4 E/2a"
"fiche807";"MS 4 F/12a"
"fiche808";"MS 4 E/3a"
"fiche809";"MS 4 F/13a"
"fiche810";"MS 4 E/4a"
"fiche811";"MS 4 F/14a"
"fiche812";"MS 6 B1/28a"
"fiche813";"MS 6 B1/28b"
"fiche814";"MS 4 F/15a"
"fiche815";"MS 6 B1/29a"
"fiche816";"MS 6 B1/30a"
"fiche817";"MS 4 F/16a"
"fiche818";"MS 6 B1/30b"
"fiche819";"MS 6 B1/31a"
"fiche820";"MS 4 F/17a"
"fiche821";"MS 6 B1/32a"
"fiche822";"MS 4 F/18a"
"fiche823";"MS 6 B1/32b"
"fiche824";"MS 6 B1/33a"
"fiche825";"MS 4 F/19a"
"fiche826";"MS 4 E/5a"
"fiche827";"MS 6 B1/34a"
"fiche828";"MS 4 E/6a"
"fiche829";"MS 4 F/20a"
"fiche830";"MS 6 B1/34b"
"fiche831";"MS 4 F/21a"
"fiche832";"MS 6 B1/35a"
"fiche833";"MS 6 B1/35b"
"fiche834";"MS 4 F/22a"
"fiche835";"MS 6 B1/36a"
"fiche836";"MA 6 B1/37a"
"fiche837";"MS 4 E/7a"
"fiche838";"MS 4 E/8a"
"fiche839";"MS 4 E/9a"
"fiche840";"MS 6 B1/38a"
"fiche841";"MS 4 E/10a"
"fiche842";"MS 4 F/23a"
"fiche843";"MS 6 B2/1a"
"fiche844";"MS 4 E/11a"
"fiche845";"MS 6 B2/2a"
"fiche846";"MS 6 B2/3a"
"fiche847";"MS 6 B2/3b"
"fiche848";"MS 6 B2/3c"
"fiche849";"MS 4 E/11a"
"fiche850";"MS 4 E/12a"
"fiche851";"MS 4 E/13a"
"fiche852";"MS 6 B2/4a"
"fiche853";"MS 6 B2/5a"
"fiche854";"MS 6 B2/6a"
"fiche855";"MS 6 B2/6b"
"fiche856";"MS 6 B2/6c"
"fiche857";"MS 4 F/26a"
"fiche858";"MS 6 B2/6d"
"fiche859";"MS 4 E/14a"
"fiche860";"MS 6 B2/6e"
"fiche861";"MS 6 B2/6f"
"fiche862";"MS 4 E/15a"
"fiche863";"MS 4 F/27a"
"fiche864";"MS 4 E/16a"
"fiche865";"MS 6 B2/7a"
"fiche866";"MS 6 B2/7b"
"fiche867";"MS 6 B2/8a"
"fiche868";"MS 6 B2/9a"
"fiche869";"MS 6 B2/10a"
"fiche870";"MS 6 B2/10b"
"fiche871";"MS 6 B2/10c"
"fiche872";"MS 6 B2/10c"
"fiche873";"MS 6 B2/10d"
"fiche874";"MS 6 B2/11a"
"fiche875";"MS 6 B3/1a"
"fiche876";"MS 6 B3/2a"
"fiche877";"MS 6 B3/3a"
"fiche878";"MS 6 B3/4a"
"fiche879";"MS 6 B3/4b"
"fiche880";"MS 6 B3/5a"
"fiche881";"MS 4 F/31a"
"fiche882";"MS 4 F/32a"
"fiche883";"MS 6 B3/6a"
"fiche884";"MS 6 B3/6b"
"fiche885";"MS 4 F/33a"
"fiche886";"MS 6 B3/6c"
"fiche887";"MS 6 B3/7a"
"fiche890";"MS 6 B3/10a"
"fiche891";"MS 6 B3/10b"
"fiche892";"MS 6 B3/11a"
"fiche893";"MS 6 B3/12a"
"fiche894";"MS 6 B3/13a"
"fiche895";"MS 6 B3/13b"
"fiche896";"MS 6 B3/14a"
"fiche897";"MS 4 F/34a"
"fiche898";"MS 4 F/35a"
"fiche899";"MS 6 C2/1a"
"fiche900";"MS 6 C2/1b"
"fiche901";"MS 4 F/36a"
"fiche902";"MS 6 C2/2a"
"fiche903";"MS 4 F/37a"
"fiche904";"MS 6 C2/2b"
"fiche905";"MS 4 F/38a"
"fiche906";"MS 4 F/39a"
"fiche907";"MS 4 F/40a"
"fiche908";"MS 4 F/41a"
"fiche909";"MS 4 F/42a"
"fiche910";"MS 4 F/43a"
"fiche911";"MS 6 C2/2c"
"fiche912";"MS 4 F/44a"
"fiche913";"MS 6 C2/2d"
"fiche914";"MS 4 G/1a"
"fiche915";"MS 6 C2/2a"
"fiche916";"MS 4 G/1a"
"fiche917";"MS 6 C2/3a"
"fiche918";"MS 4 G/2a"
"fiche919";"MS 4 G/3a"
"fiche920";"MS 6 C2/4a"
"fiche921";"MS 6 C2/4a"
"fiche922";"MS 4 G/4a"
"fiche923";"MS 4 G/5a"
"fiche924";"MS 6 C2/5a"
"fiche925";"MS 6 C2/5b"
"fiche926";"MS 6 C2/6b"
"fiche927";"MS 6 C2/6a"
"fiche928";"MS 6 C2/7a"
"fiche929";"MS 6 C2/8a"
"fiche930";"MS 2 C/15b"
"fiche931";"MS 6 C2/9a"
"fiche932";"MS 2 D/2a"
"fiche933";"MS 2 D/2b"
"fiche934";"MS 2 D/3a"
"fiche935";"MS 6 C2/10a"
"fiche936";"MS 6 C2/11a"
"fiche937";"MS 6 C2/12a"
"fiche938";"MS 6 C2/12b"
"fiche939";"MS 6 C2/13a"
"fiche940";"MS 2 D/4b"
"fiche941";"MS 2 D/5a"
"fiche942";"MS 6 D1/1a"
"fiche943";"MS 6 D1/1b"
"fiche944";"MS 2 E/8a"
"fiche945";"MS 6 D1/1c"
"fiche946";"MS 2 D/6a"
"fiche947";"MS 2 D/7a"
"fiche948";"MS 2 D/8a"
"fiche949";"MS 2 D/10a"
"fiche950";"MS 2 D/11a"
"fiche951";"MS 2 D/11b"
"fiche952";"MS 2 D/12a"
"fiche953";"MS 6 E1/1a"
"fiche954";"MS 2 D/13a"
"fiche955";"MS 6 E1/1b"
"fiche956";"MS 2 D/14a"
"fiche957";"MS 6 E1/2a"
"fiche958";"MS 2 D/14b"
"fiche959";"MS 2 E/1a"
"fiche960";"MS 2 E/1a"
"fiche961";"MS 2 E/2a"
"fiche962";"MS 2 E/2b"
"fiche963";"MS 6 E1/2b"
"fiche964";"MS 2 E/2c"
"fiche965";"MS 6 E1/2b"
"fiche966";"MS 2 E/3a"
"fiche967";"MS 6 E1/2c"
"fiche968";"MS 6 E1/2d"
"fiche969";"MS 6 E1/2e"
"fiche970";"MS 2 E/5a"
"fiche971";"MS 6 E1/2f"
"fiche972";"MS 2 E/5b"
"fiche973";"MS 6 E1/2g"
"fiche974";"MS 2 E/5c"
"fiche975";"MS 6 E1/3a"
"fiche976";"MS 6 E1/3b"
"fiche977";"MS 6 E1/3c"
"fiche978";"MS 6 E1/3d"
"fiche979";"MS 6 E1/4a"
"fiche980";"MS 6 E1/5a"
"fiche981";"MS 6 E1/5b"
"fiche982";"MS 6 E1/5c"
"fiche983";"MS 6 E1/5d"
"fiche984";"MS 6 E1/5e"
"fiche985";"MS 4 G/6a"
"fiche986";"MS 4 G/7a"
"fiche987";"MS 4 G/7b"
"fiche988";"MS 4 H/2a"
"fiche989";"MS 4 H/2b"
"fiche990";"MS 4 H/4a"
"fiche991";"MS 4 H/5a"
"fiche992";"MS 4 H/6a"
"fiche993";"MS 4 H/7a"
"fiche994";"MS 4 H/8a"
"fiche995";"MS 4 H/8a"
"fiche996";"MS 4 H/9a"
"fiche997";"MS 2 E/7b"
"fiche998";"MS 6 E1/6a"
"fiche999";"MS 3 A/3a"
"fiche1000";"MS 2 E/9a"
"fiche1001";"MS 2 E/9b"
"fiche1002";"MS 2 E/9c"
"fiche1003";"MS 3 A/3b"
"fiche1004";"MS 2 E/10a"
"fiche1005";"MS 6 E1/6b"
"fiche1006";"MS 3 A/3c"
"fiche1007";"MS 6 E1/6c"
"fiche1008";"MS 6 E1/6c"
"fiche1009";"MS 3 A/3d"
"fiche1010";"MS 6 E1/6d"
"fiche1011";"MS 6 E1/6e"
"fiche1012";"MS 6 E1/6g"
"fiche1013";"MS 3 A/3e"
"fiche1014";"MS 6 E1/6h"
"fiche1015";"MS 3 A/3f"
"fiche1016";"MS 3 A/3g"
"fiche1017";"MS 6 E1/7a"
"fiche1018";"MS 6 E1/7a"
"fiche1019";"MS 3 A/3h"
"fiche1020";"MS 6 E1/7b"
"fiche1021";"MS 3 A/4a"
"fiche1022";"MS 6 E1/7c"
"fiche1023";"MS 6 E1/7d"
"fiche1024";"MS 3 A/5a"
"fiche1025";"MS 6 E1/7c"
"fiche1026";"MS 6 E1/8a"
"fiche1027";"MS 6 E1/8b"
"fiche1028";"MS 6 E1/8c"
"fiche1029";"MS 6 E1/8d"
"fiche1030";"MS 6 E1/8e"
"fiche1031";"MS 6 E1/8f"
"fiche1032";"MS 3 A/6a"
"fiche1033";"MS 3 A/6b"
"fiche1035";"MS 6 E1/9a"
"fiche1036";"MS 6 E1/9b"
"fiche1037";"MS 3 A/7a"
"fiche1038";"MS 6 E1/9c"
"fiche1039";"MS 6 E1/9d"
"fiche1040";"MS 6 E1/9e"
"fiche1041";"MS 6 E1/9f"
"fiche1042";"MS 6 E1/10a"
"fiche1043";"MS 2 E/11a"
"fiche1044";"MS 3 A/8a"
"fiche1045";"MS 6 E1/10a"
"fiche1046";"MS 6 E1/10b"
"fiche1047";"MS 6 E1/10b"
"fiche1048";"MS 3 A/9a"
"fiche1049";"MS 6 E1/10c"
"fiche1050";"MS 6 E1/10d"
"fiche1051";"MS 6 E1/10e"
"fiche1052";"MS 2 E/11b"
"fiche1053";"MS 3 A/10a"
"fiche1054";"MS 2 E/11c"
"fiche1055";"MS 6 E1/11a"
"fiche1056";"MS 6 E1/11a"
"fiche1057";"MS 6 E1/11b"
"fiche1058";"MS 6 E1/11c"
"fiche1059";"MS 6 E1/11d"
"fiche1060";"MS 6 E1/11e"
"fiche1061";"MS 6 E1/12a"
"fiche1062";"MS 6 E1/12b"
"fiche1063";"MS 6 E1/12c"
"fiche1064";"MS 6 E1/12d"
"fiche1065";"MS 6 E1/12e"
"fiche1066";"MS 6 E1/12f"
"fiche1067";"MS 6 E1/12g"
"fiche1068";"MS 6 E1/13a"
"fiche1069";"MS 6 E1/13b"
"fiche1070";"MS 2 E/12a"
"fiche1071";"MS 6 E1/13c"
"fiche1072";"MS 2 E/13a"
"fiche1073";"MS 6 E1/14a"
"fiche1074";"MS 6 E1/14b"
"fiche1075";"MS 2 E/14a"
"fiche1076";"MS 6 E1/15a"
"fiche1077";"MS 6 E1/15b"
"fiche1078";"MS 6 E1/15c"
"fiche1079";"MS 2 E/15b"
"fiche1080";"MS 6 E1/15d"
"fiche1081";"MS 2 E/16a"
"fiche1082";"MS 2 E/16b"
"fiche1083";"MS 6 E1/15e"
"fiche1084";"MS 6 E1/15f"
"fiche1085";"MS 6 E1/16a"
"fiche1086";"MS 2 E/17a"
"fiche1087";"MS 2 E/18a"
"fiche1088";"MS 6 E1/17a"
"fiche1089";"MS 2 E/18b"
"fiche1090";"MS 2 E/19a"
"fiche1091";"MS 2 E/19b"
"fiche1092";"MS 2 E/19c"
"fiche1093";"MS 2 E/19d"
"fiche1094";"MS 2 E/20a"
"fiche1095";"MS 6 E1/18a"
"fiche1096";"MS 2 E/20b"
"fiche1097";"MS 6 E1/18b"
"fiche1098";"MS 2 E/21a"
"fiche1099";"MS 6 E1/19a"
"fiche1100";"MS 6 E1/19b"
"fiche1101";"MS 6 E1/19c"
"fiche1102";"MS 6 E1/19d"
"fiche1103";"MS 6 E1/19e"
"fiche1104";"MS 6 E1/19f"
"fiche1105";"MS 6 E1/19g"
"fiche1106";"MS 6 E1/19h"
"fiche1107";"MS 6 E1/19i"
"fiche1108";"MS 6 E1/15j"
"fiche1109";"MS 6 E1/20a"
"fiche1110";"MS 6 E1/20b"
"fiche1111";"MS 6 E1/21a"
"fiche1112";"MS 6 E1/21b"
"fiche1113";"MS 6 E1/21c"
"fiche1114";"MS 6 E1/22a"
"fiche1115";"MS 6 E1/22b"
"fiche1116";"MS 6 E1/22c"
"fiche1117";"MS 6 E1/22d"
"fiche1118";"MS 6 E1/22e"
"fiche1119";"MS 6 E1/22f"
"fiche1120";"MS 6 E1/23a"
"fiche1121";"MS 6 E1/23b"
"fiche1122";"MS 6 E1/23c"
"fiche1123";"MS 6 E1/23d"
"fiche1124";"MS 2 F/1a"
"fiche1125";"MS 2 F/2a"
"fiche1126";"MS 2 F/3a"
"fiche1127";"MS 2 F/3b"
"fiche1128";"MS 2 F/4a"
"fiche1129";"MS 2 F/4b"
"fiche1130";"MS 2 F/5a"
"fiche1131";"MS 2 F/5a"
"fiche1132";"MS 2 F/5b"
"fiche1133";"MS 2 F/5c"
"fiche1134";"MS 2 F/5d"
"fiche1135";"MS 2 F/5e"
"fiche1136";"MS 2 F/5f"
"fiche1137";"MS 2 F/5g"
"fiche1138";"MS 6 E1/24a"
"fiche1139";"MS 2 F/5h"
"fiche1140";"MS 6 E1/24b"
"fiche1141";"MS 2 F/5i"
"fiche1142";"MS 2 F/5j"
"fiche1143";"MS 6 E1/24c"
"fiche1144";"MS 2 F/5k"
"fiche1145";"MS 6 E1/24d"
"fiche1146";"MS 2 F/5l"
"fiche1147";"MS 2 F/5m"
"fiche1148";"MS 6 E1/25a"
"fiche1149";"MS 6 E1/25b"
"fiche1150";"MS 2 F/5o"
"fiche1151";"MS 2 F/5p"
"fiche1152";"MS 6 E1/25c"
"fiche1153";"MS 2 F/5q"
"fiche1154";"MS 2 F/5r"
"fiche1155";"MS 6 E1/25d"
"fiche1156";"MS 2 F/5s"
"fiche1157";"MS 2 F/5t"
"fiche1158";"MS 6 E1/25e"
"fiche1159";"MS 2 F/5u"
"fiche1160";"MS 6 E1/25f"
"fiche1161";"MS 2 F/5v"
"fiche1162";"Ms 6 E1/25g"
"fiche1163";"MS 2 F/5w"
"fiche1164";"MS 6 E1/25h"
"fiche1165";"MS 2 F/5x"
"fiche1166";"MS 2 F/5y"
"fiche1167";"MS 2 F/5z"
"fiche1168";"Ms 6 E1/26a"
"fiche1169";"MS 2 F/5aa"
"fiche1170";"MS 6 E1/26b"
"fiche1171";"Ms 6 E1/26c"
"fiche1172";"MS 6 E1/26d"
"fiche1173";"MS 6 E1/26e"
"fiche1174";"MS 6 E1/27a"
"fiche1175";"MS 2 F/6a"
"fiche1176";"MS 2 F/7a"
"fiche1177";"MS 2 F/7b"
"fiche1178";"MS 2 F/7c"
"fiche1179";"Ms 6 E1/27b"
"fiche1180";"MS 2 F/8a"
"fiche1181";"MS 6 E1/27c"
"fiche1182";"MS 2 G/1a"
"fiche1183";"MS 6 E1/27d"
"fiche1184";"MS 2 G/1b"
"fiche1185";"MS 6 E1/27e"
"fiche1186";"MS 2 G/2a"
"fiche1187";"MS 6 E1/28a"
"fiche1188";"MS 2 G/3a"
"fiche1189";"MS 6 E1/28b"
"fiche1190";"MS 6 E1/28c"
"fiche1191";"MS 6 E1/29a"
"fiche1192";"MS 6 E1/29b"
"fiche1193";"MS 6 E1/29c"
"fiche1194";"MS 6 E1/29d"
"fiche1195";"Ms 6 E1/29e"
"fiche1196";"MS 6 E1/29f"
"fiche1197";"MS 6 E1/29g"
"fiche1198";"MS 6 E1/30a"
"fiche1199";"MS 6 E1/30b"
"fiche1200";"MS 6 E1/30b"
"fiche1201";"MS 6 E1/30c"
"fiche1202";"MS 6 E1/31a"
"fiche1203";"MS 6 E1/32a"
"fiche1205";"MS 6 E1/33a"
"fiche1206";"MS 6 E1/34a"
"fiche1207";"MS 6 E1/34b"
"fiche1208";"MS 6 E1/35a"
"fiche1209";"MS 6 E1/35b"
"fiche1210";"MS 6 E1/36a"
"fiche1211";"MS 6 E1/36a"
"fiche1212";"MS 6 E1/37a"
"fiche1213";"MS 6 E1/37b"
"fiche1214";"MS 6 E1/37c"
"fiche1215";"MS 6 E1/37d"
"fiche1216";"MS 6 E1/37e"
"fiche1217";"MS 6 E2/1a"
"fiche1218";"MS 6 E2/2a"
"fiche1219";"MS 6 E2/3a"
"fiche1220";"MS 6 E2/4a"
"fiche1221";"MS 6 E2/5a"
"fiche1222";"MS 6 E2/6a"
"fiche1223";"MS 6 F1/1a"
"fiche1224";"MS 6 F2/1a"
"fiche1225";"MS 6 F2/1a"
"fiche1226";"MS 6 F2/1a"
"fiche1227";"MS 6 F2/1b"
"fiche1228";"MS 6 F2/1b"
"fiche1229";"MS 6 F2/1b"
"fiche1230";"MS 6 F2/1b"
"fiche1231";"MS 6 F2/1c"
"fiche1232";"MS 6 F2/1c"
"fiche1233";"MS 6 G1/1a"
"fiche1234";"MS 6 G1/1b"
"fiche1235";"MS 6 G1/1c"
"fiche1236";"MS 6 G1/1d"
"fiche1237";"MS 6 F2/1d"
"fiche1238";"MS 6 F2/1d"
"fiche1239";"MS 6 G2/2a"
"fiche1240";"MS 6 F2/1e"
"fiche1241";"MS 6 G2/2a"
"fiche1242";"MS 6 F2/1e"
"fiche1243";"MS 6 G2/2b"
"fiche1244";"MS 6 G2/3a"
"fiche1245";"MS 6 F2/1f"
"fiche1246";"MS 6 G3/1a"
"fiche1247";"MS 6 G3/1b"
"fiche1248";"MS 6 F2/2a"
"fiche1249";"MS 6 G4/1a"
"fiche1250";"MS 6 F2/1g"
"fiche1251";"MS 6 G4/1b"
"fiche1252";"MS 6 G2/1a"
"fiche1253";"MS 6 G2/1b"
"fiche1254";"MS 6 G2/1c"
"fiche1255";"MS 6 G2/1d"
"fiche1256";"MS 6 G5/1a"
"fiche1257";"MS 6 G5/1b"
"fiche1258";"MS 6 F3/1a"
"fiche1259";"MS 6 G5/1b"
"fiche1260";"MS 6 F3/1b"
"fiche1261";"MS 6 F3/2a"
"fiche1262";"MS 6 G5/1c"
"fiche1263";"MS 6 G5/1d"
"fiche1264";"MS 6 G5/2a"
"fiche1265";"MS 6 G5/3a"
"fiche1266";"MS 6 F4/1a"
"fiche1267";"MS 6 G5/4a"
"fiche1268";"MS 6 F4/1b"
"fiche1269";"MS 6 G5/4b"
"fiche1270";"MS 6 F4/1c"
"fiche1271";"MS 6 F4/1d"
"fiche1272";"MS 6 G5/5a"
"fiche1273";"MS 6 F4/1e"
"fiche1274";"MS 6 G6/1a"
"fiche1275";"MS 6 G6/1b"
"fiche1276";"MS 6 F4/2a"
"fiche1277";"MS 6 F4/2b"
"fiche1278";"MS 6 F4/2c"
"fiche1279";"MS 6 F4/3a"
"fiche1280";"MS 6 F4/3b"
"fiche1281";"MS 6 F4/3c"
"fiche1282";"MS 106/59"
"fiche1283";"MS 6 F4/4a"
"fiche1284";"MS 6 F4/4b"
"fiche1285";"MS 6 F4/5a"
"fiche1286";"MS 6 F4/5b"
"fiche1287";"MS 106/60"
"fiche1288";"MS 6 F5/1a"
"fiche1289";"MS 6 F7/1a"
"fiche1290";"MS 106/61"
"fiche1291";"MS 106/62"
"fiche1292";"MS 6 F8/1a"
"fiche1293";"MS 106/63"
"fiche1294";"MS 6 F8/1b"
"fiche1295";"MS 106/64"
"fiche1296";"MS 106/65"
"fiche1297";"MS 6 F8/1c"
"fiche1298";"MS 6 F8/1d"
"fiche1299";"MS 106/67"
"fiche1300";"MS 106/68"
"fiche1301";"MS 106/69"
"fiche1302";"MS 106/70"
"fiche1303";"MS 6 F9/1a"
"fiche1304";"MS 6 F9/1a"
"fiche1305";"MS 106/71"
"fiche1306";"MS 6 F9/1b"
"fiche1307";"MS 106/72"
"fiche1308";"MS 106/73"
"fiche1309";"MS 106/73"
"fiche1310";"MS 6 F10/1a"
"fiche1311";"MS 106/73"
"fiche1312";"MS 106/73"
"fiche1313";"MS 6 F10/1b"
"fiche1314";"MS 106/74"
"fiche1315";"MS GF 10/1c"
"fiche1316";"MS 106/75"
"fiche1317";"MS 6 F14/1a"
"fiche1318";"MS 106/77"
"fiche1319";"MS 106/78"
"fiche1320";"MS 106/79"
"fiche1321";"MS 6 F14/2a"
"fiche1322";"MS 106/80"
"fiche1323";"MS 106/81"
"fiche1324";"MS 6 F14/2b"
"fiche1325";"MS 106/82"
"fiche1326";"MS 6 F14/3a"
"fiche1327";"MS 6 F14/3b"
"fiche1328";"MS 6 F14/3b"
"fiche1329";"MS 6 F14/3c"
"fiche1330";"MS 6 F15/1a"
"fiche1331";"MS 6 F15/1b"
"fiche1332";"MS 6 F15/1c"
"fiche1333";"MS 6 F15/1d"
"fiche1334";"MS 6 F15/1e"
"fiche1335";"MS 6 F15/1f"
"fiche1336";"MS 6 F15/2a"
"fiche1337";"MS 6 F15/2b"
"fiche1338";"MS 6 F15/2c"
"fiche1339";"MS 6 F15/2d"
"fiche1340";"MS 6 F15/2e"
"fiche1341";"MS 6 F15/2f"
"fiche1342";"MS 6 F15/2g"
"fiche1343";"MS 6 F15/2h"
"fiche1344";"MS 6 F15/2i"
"fiche1345";"MS 6 F16/1a"
"fiche1346";"MS 6 F16/1c"
"fiche1347";"MS 6 F17/1a"
"fiche1348";"MS 6 F17/1b"
"fiche1349";"MS 6 F17/1c"
"fiche1350";"MS 6 F17/1d"
"fiche1351";"MS 6 F17/1e"
"fiche1352";"MS 6 F18/1a"
"fiche1353";"MS 6 F18/1b"
"fiche1354";"MS 6 G6/1c"
"fiche1355";"MS 6 G6/1d"
"fiche1356";"MS 6 H/1a"
"fiche1357";"MS 6 H/2a"
"fiche1358";"MS 6 H/2b"
"fiche1359";"MS 6 H/3a"
"fiche1360";"MS 6 H/4a"
"fiche1361";"MS 6 H/5a"
"fiche1362";"MS 6 H/6a"
"fiche1363";"MS 6 H/7a"
"fiche1364";"MS 6 H/7b"
"fiche1365";"MS 6 H/8a"
"fiche1366";"MS 6 H/9a"
"fiche1367";"MS 4 B/17a"
"fiche1368";"MS 6 A2/3a"
"fiche1369";"MS 6 A2/3a"
"fiche1370";"ALS Fonds Chappaz MCH B-2-ROUD.2"
"fiche1371";"ALS, Fonds Chessex (sans cote)"
"fiche1372";"ALS Fonds Chappaz D-11-ROU/4"
"fiche1373";"ALS Archiv SSV 01-b-01-1946"
"fiche1374";"MS 3 A/10b"
"fiche1375";"MS 2 F/5z"
"fiche1376";"MS 3 A/11a"
"fiche1377";"MS 3 A/11b"
"fiche1378";"MS 3 A/11c"
"fiche1379";"MS 3 A/12a"
"fiche1380";"MS 3 A/13a"
"fiche1381";"MS 3 A/15a"
"fiche1382";"MS 3 A/16a"
"fiche1383";"MS 3 A/17a"
"fiche1384";"MS 3 B/1a"
"fiche1385";"MS 3 B/2a"
"fiche1386";"MS 3 B/3a"
"fiche1387";"MS 3 B/3b"
"fiche1388";"MS 3 B/4a"
"fiche1389";"MS 5 A/13b"
"fiche1390";"MS 5 A/17a"
"fiche1391";"MS 5 A/22a"
"fiche1392";"MS 5 A/23a"
"fiche1393";"MS 5 B/1a"
"fiche1394";"MS 5 B/2a"
"fiche1395";"MS 5 B/3a"
"fiche1396";"MS 5 B/3b"
"fiche1397";"MS 5 B/3c"
"fiche1398";"MS 5 B/4a"
"fiche1399";"MS 5 B/4b"
"fiche1400";"MS 5 B/4c"
"fiche1401";"MS 5 B/4d"
"fiche1402";"MS 5 B/4e"
"fiche1403";"MS 5 B/4f"
"fiche1404";"MS 5 B/4g"
"fiche1405";"MS 5 B/4h"
"fiche1406";"MS 5 B/4i"
"fiche1407";"MS 5 B/4j"
"fiche1408";"MS 5 B/4k"
"fiche1409";"MS 5 B/4l"
"fiche1410";"MS 5 C/1a"
"fiche1411";"MS 5 C/2a"
"fiche1412";"MS 5 C/3a"
"fiche1413";"MS 5 C/3b"
"fiche1414";"MS 5 C/4a"
"fiche1415";"MS 5 D/2a"
"fiche1416";"MS 5 D/3a"
"fiche1417";"MS 5 D/4a"
"fiche1418";"MS 5 D/5a"
"fiche1419";"MS 5 D/6a"
"fiche1420";"MS 5 E/1a"
"fiche1421";"MS 5 E/2a"
"fiche1422";"MS 5 E/3a"
"fiche1423";"MS 5 E/4a"
"fiche1424";"MS 5 E/5a"
"fiche1425";"MS 4 B/8a"
"fiche1426";"MS 4 B/15a"
