http://rdfh.ch/0112/gzSg8rurSbKxTzasc4eHQg,MS6B110a
http://rdfh.ch/0112/UcoU6kPlTyKaUkkweNzfrw,MS6B110b
http://rdfh.ch/0112/_8RtwmPvTw-KfVZdYiM3Mg,MS6B110c
http://rdfh.ch/0112/STSXoftGQvu51gPbZTuQsw,MS6B111a
http://rdfh.ch/0112/4GczmZS6Ta2ub3WbWnio0g,MS6B112a
http://rdfh.ch/0112/fqD29XLsRLSWJ8zNmougDA,MS6B113a
http://rdfh.ch/0112/GPbpOZIIQ-C0NuBthTkZbg,MS6B113b
http://rdfh.ch/0112/bG5KI-ifRzqWDxw3VMTqmg,MS6B114a
http://rdfh.ch/0112/n238E486Rzij3p6GeJdg-w,MS6B115a
http://rdfh.ch/0112/VMEGc8ewSYGC-K3hmBpGLA,MS6B115b
http://rdfh.ch/0112/gjJk3UHOT86AS5Ka06RuKg,MS6B116a
http://rdfh.ch/0112/TmlRgEv3R5-GHaeKdbSwRA,MS6B116b
http://rdfh.ch/0112/5uOiiiNpQgW3I-zoeBGqPQ,MS6B117a
http://rdfh.ch/0112/-hqBbCfsS_KfFr1eoIfeVw,MS6B117b
http://rdfh.ch/0112/EhV9MCDIRGWlf_zdUkVL6Q,MS6B118a
http://rdfh.ch/0112/szRfSuljR_G-3HnAHIL0mQ,MS6B118b
http://rdfh.ch/0112/46tdSqoCTqGhYjJ6EWv6Ow,MS6B118c
http://rdfh.ch/0112/qMXADcxiQc2OHnX70yv5-g,MS6B119a
http://rdfh.ch/0112/RYFpQCUqQ1iFxdf8UuR37A,MS6B119b
http://rdfh.ch/0112/uTmHFQvsQHmXCXrSxx3enw,MS6B119c
http://rdfh.ch/0112/iu7MX5jPTq2Ns12BafePpA,MS6B119d
http://rdfh.ch/0112/jlauAWiGR5i2Ru2tPHcmBA,MS6B11a
http://rdfh.ch/0112/0moGPd5IRCWAUGsmjwu_hg,MS6B120a
http://rdfh.ch/0112/M2h0i6ZbRDWs5BQ6Wra3JA,MS6B121a
http://rdfh.ch/0112/7sCjl_IzQk6XCcmbGQH8yg,MS6B122a
http://rdfh.ch/0112/9Vn32CW4TP2pTi8FLtjEWw,MS6B123a
http://rdfh.ch/0112/hX-giO7RRECH-laAKRPZkg,MS6B124a
http://rdfh.ch/0112/ZC6vYssTRwCXWfKDDu7edQ,MS6B124b
http://rdfh.ch/0112/oDKIiYHdSL2DbICiexoYSg,Ms6B125a
http://rdfh.ch/0112/5iug4OSdTx2WtkghB2GNOg,MS6B126a
http://rdfh.ch/0112/yHaJc14tT96YIh7NyflrpQ,MS6B127a
http://rdfh.ch/0112/SqgbsqsHT1iX3aMusQJUbQ,MS6B127b
http://rdfh.ch/0112/gcSPNm31QfCMYB3CqrFAMw,MS6B128a
http://rdfh.ch/0112/LXzqDr7aRjWdNduAe0Fg4g,MS6B128b
http://rdfh.ch/0112/3IhIZmDgQU-eIwRyjBn21A,MS6B129a
http://rdfh.ch/0112/-g4tb_m8SAi9jCL8E9gerg,MS6B12a
http://rdfh.ch/0112/zK3NicwNRrWeK4dLF_1duw,MS6B12b
http://rdfh.ch/0112/1f3A6FLdQ46N_uAW7iphlg,MS6B12c
http://rdfh.ch/0112/fjDpGVQCS_e3SQKt5re-6w,MS6B130a
http://rdfh.ch/0112/Hw-y6okFQ_q8fOMFTb-eeg,MS6B130b
http://rdfh.ch/0112/CBYvd2d2SlaC7KjQeYjiSQ,MS6B131a
http://rdfh.ch/0112/SVJx5IVxSkePbKCJdIGKgQ,MS6B132a
http://rdfh.ch/0112/f2d0MYmhRIihNf7mnZoL0Q,MS6B132b
http://rdfh.ch/0112/BPnX22hPQwCLpdO2LJNflA,MS6B133a
http://rdfh.ch/0112/gEjO-4xwSGaw4wEY4QnJvA,MS6B134a
http://rdfh.ch/0112/_GYesXrNQD620mUnw1izBw,MS6B134b
http://rdfh.ch/0112/r3v77Dt-Rvi7PeEiNFUKZQ,MS6B135a
http://rdfh.ch/0112/MTyyqpIXSwyRX7UDXr5dPQ,MS6B135b
http://rdfh.ch/0112/8eefgh2gTeWe_HsKa_yeTQ,MS6B136a
http://rdfh.ch/0112/yVlrcQd6QOei9aaNQArYxQ,MS6B138a
http://rdfh.ch/0112/HOCf_chgS42qinZKnk1pRQ,MS6B13a
http://rdfh.ch/0112/VZJhAZpTScyUX9lB9NF8CQ,MS6B13b
http://rdfh.ch/0112/BbdAp_VLQquHW1IN_6wj-g,MS6B13c
http://rdfh.ch/0112/LMV2cEELRuioIiNBsDjP_g,MS6B14a
http://rdfh.ch/0112/2cxYSq-mRHKWv03qTYGlCA,MS6B15a
http://rdfh.ch/0112/FpMbBjNKTWa4-gi9iEvmpg,MS6B15b
http://rdfh.ch/0112/NnQDR1aCRuasKigC2nIXRA,MS6B15c
http://rdfh.ch/0112/L6V8aDFjSWuou5VnUv_8rA,MS6B15d
http://rdfh.ch/0112/_tqvm6m1TYy4hBQPuhsH3Q,MS6B15e
http://rdfh.ch/0112/WlCMQghIQOeVmBSEGXBZ5Q,MS6B16a
http://rdfh.ch/0112/K9U-skqUTqyIgcNeHxOObA,MS6B16b
http://rdfh.ch/0112/WRfUMemkT8iP3fmjSeQO1A,MS6B16c
http://rdfh.ch/0112/PLjP0EnmRxOVnFG-0RlwDA,MS6B16d
http://rdfh.ch/0112/eVZIynkbQJSLIgY4sLo3XQ,MS6B17a
http://rdfh.ch/0112/iHxKhm7fTUCd3llyRFIW7w,MS6B17b
http://rdfh.ch/0112/WhxS3gY-TJaZE0OmiYew9Q,MS6B17d
http://rdfh.ch/0112/13EdMiFXTNiWMWE2RZ453Q,MS6B17e
http://rdfh.ch/0112/RyfCg9S8TAOgyLvy346XmQ,MS6B18a
http://rdfh.ch/0112/arDCVOA1RESdUgvGxcObQQ,MS6B18b
http://rdfh.ch/0112/nV2Q7WlzQD6mGXWHphFloQ,MS6B18c
http://rdfh.ch/0112/0ts_DfpPTSKyQdl1zHVhmQ,MS6B18d
http://rdfh.ch/0112/eNw5bIdySjyMp0nieLYYaA,MS6B19a
http://rdfh.ch/0112/eMjY4qtjSC-50yNRCbNhUQ,MS6B19b
http://rdfh.ch/0112/mSgQn2YCTQWVVRVJgJiEFg,MS6B19c
http://rdfh.ch/0112/jZSWnC2URQWBCg_lzSxhKw,MS6B19d
http://rdfh.ch/0112/w9U4Mhy7SEOdIPCj-6YVFw,MS6B19e
http://rdfh.ch/0112/6SUZuX-uQemoUk7Vpe_fzg,MS6B19f
http://rdfh.ch/0112/_Fr5KEKmTyK76qY3pea8AA,MS6B19g
http://rdfh.ch/0112/_yGDAaWDTLK4yu4rXxUO-A,MS6B210a
http://rdfh.ch/0112/6z8SCp5sTkWl916054TDYQ,MS6B210b
http://rdfh.ch/0112/9AMvzEtjRXGOtDDdJoleig,MS6B210c
http://rdfh.ch/0112/hKJYxEvaQ3WZDILFWvaheQ,MS6B210d
http://rdfh.ch/0112/9BxFg_7uSOeol6PIEyN0gg,MS6B211a
http://rdfh.ch/0112/zscptEciQKG-GYf3EPa7oQ,MS6B21a
http://rdfh.ch/0112/c91_-dJaTTSBSDVODkvBiw,MS6B22a
http://rdfh.ch/0112/bCO7tOjqSHumKzZ53IgNJw,MS6B23a
http://rdfh.ch/0112/Vimso4wTREWojSOX6YR8lA,MS6B23b
http://rdfh.ch/0112/RT0NVtzpSSKqkjs8MfmNOg,MS6B24a
http://rdfh.ch/0112/lv8p_aX1T_6o3igGkybbSg,MS6B25a
http://rdfh.ch/0112/crdlAvU6SS6cjIeH02sU6w,MS6B26a
http://rdfh.ch/0112/YN_2TrdYS1aYWmiKgRTi3g,MS6B26b
http://rdfh.ch/0112/2Mxg69N3R7aKyi-nRXKYFA,MS6B26c
http://rdfh.ch/0112/gKrqcrSiQUGYH5P9x6zeCw,MS6B26d
http://rdfh.ch/0112/FJ1YKmmUS_WfEgJ9i8edOg,MS6B26e
http://rdfh.ch/0112/FLVhnpefQoOSRwfOStM4Cw,MS6B26f
http://rdfh.ch/0112/S3kDQS4pSfaiPNKXiCb4dg,MS6B27a
http://rdfh.ch/0112/IavegYEdRyqK5IbE2V2omQ,MS6B27b
http://rdfh.ch/0112/nuf7xJ1NT22R5EYT_ihRbw,MS6B28a
http://rdfh.ch/0112/JULxEZlfQQqW_S-xbFKEEA,MS6B29a
http://rdfh.ch/0112/yxx7CBEZTaOWnmBt4i_9nA,MS6B310a
http://rdfh.ch/0112/ht7oKwIISuSShH07PdnGcA,MS6B310b
http://rdfh.ch/0112/BpiGTMX8RVSKmIwgkoZK5Q,MS6B311a
http://rdfh.ch/0112/JaadbLTSS2qOI_en_XLkpw,MS6B312a
http://rdfh.ch/0112/YDyoi4AURcCiy9_ryJfQsg,MS6B313a
http://rdfh.ch/0112/yTrgN6t-TjCgLEJsDLaaaw,MS6B313b
http://rdfh.ch/0112/EomiBjrlSnmDrjpThfwnXw,MS6B314a
http://rdfh.ch/0112/AUA8pE-TTj-2Z5wwTOCJ8Q,MS6B31a
http://rdfh.ch/0112/9lG5Uw4PSGGOB5WRNRI6eg,MS6B32a
http://rdfh.ch/0112/94l-7hjSRridYhyd_zODdg,MS6B33a
http://rdfh.ch/0112/odj5h_uWRG2r0Lmol7X-7Q,MS6B34a
http://rdfh.ch/0112/tc9h3v_zT_-ePll3ViKFDg,MS6B34b
http://rdfh.ch/0112/t2F7aJWgQRygfJvJoquvQQ,MS6B35a
http://rdfh.ch/0112/hQhUjw1iTvePqeLvtkFfPg,MS6B36a
http://rdfh.ch/0112/9neiVbSwSBOx5Pdc_ViyNw,MS6B36b
http://rdfh.ch/0112/Z1b1IkARQpikPsoVztHnMg,MS6B36c
http://rdfh.ch/0112/IJT7NV4BQNyvAuqH6oEQjw,MS6B37a
http://rdfh.ch/0112/qc4r2ELoRoSz1dYFv9bu-A,MS6C210a
http://rdfh.ch/0112/RuoAxdixREuMqnUUMQOqNg,MS6C211a
http://rdfh.ch/0112/SdQv9hQ1RxSUa9vTgzgtAQ,MS6C212a
http://rdfh.ch/0112/bvYH3mdQS1yFsw2laGikKA,MS6C212b
http://rdfh.ch/0112/umj9N8drR4yWDmaPr7zPfg,MS6C213a
http://rdfh.ch/0112/GWc28pvgRmaEbHZBaDYAEw,MS6C21a
http://rdfh.ch/0112/NZwnPSiwQfS98GVJ3pw1RQ,MS6C21b
http://rdfh.ch/0112/v8llVjoaQIqUkQhzkWXOsg,MS6C22a
http://rdfh.ch/0112/F_sWN0ZrTUSjqnAUDfUnlg,MS6C22b
http://rdfh.ch/0112/k0NF3-R3Q9y44CxX0Jur5A,MS6C22c
http://rdfh.ch/0112/oOW0HSDKRXKAcGCmWqskoA,MS6C22d
http://rdfh.ch/0112/n4HCoDPtRYWFp88iM5qhpA,MS6C23a
http://rdfh.ch/0112/LpF9PKm4RImdTgsDlaukdQ,MS6C24a
http://rdfh.ch/0112/B-FwA7vUSCi6q7LovygLIg,MS6C25a
http://rdfh.ch/0112/xh68r220QFKtMxhQgECWbQ,MS6C25b
http://rdfh.ch/0112/SBIqnPH1ThG84n-QhRpDtw,MS6C26a
http://rdfh.ch/0112/D4puSymdTqWgYIamW9oZHA,MS6C26b
http://rdfh.ch/0112/dpCGubm9RMWxNhHB0r-QAQ,MS6C27a
http://rdfh.ch/0112/3wZ0VwHeTqG2se8DFWfy0Q,MS6C28a
http://rdfh.ch/0112/cLHGvjg2REKMVObGpRRPQg,MS6C29a
http://rdfh.ch/0112/wzcircWYSL6rW520AQNqGg,MS6D11a
http://rdfh.ch/0112/H3g322EPRfSLzhID1BUnZQ,MS6D11b
http://rdfh.ch/0112/xTgp47dqT4SoXkkvwJdosQ,MS6D11c
http://rdfh.ch/0112/R4PUpXDlTZu4Uz2CUJzdBw,MS6E110a
http://rdfh.ch/0112/O6SZEWpPS1W_vtp_IJb0Wg,MS6E110b
http://rdfh.ch/0112/_zcr-i2rTOaO83mIRyAO2g,MS6E110c
http://rdfh.ch/0112/0CNeBcvUQfWwkniTwMBvPA,MS6E110d
http://rdfh.ch/0112/eXWm2COESyaSn2ntMe1Ryg,MS6E110e
http://rdfh.ch/0112/RJPPbITeSHuWYprTrJ7_vA,MS6E111a
http://rdfh.ch/0112/Ec7eSuCcRC29YSB44G_0ug,MS6E111b
http://rdfh.ch/0112/iQL7nj23RhmhWcfH4bdCWA,MS6E111c
http://rdfh.ch/0112/inQEnd7QShK7gRPM5bTh-Q,MS6E111d
http://rdfh.ch/0112/3rUcdwT7Qh6e79KynMx45w,MS6E111e
http://rdfh.ch/0112/bElJ5eOASEmyFsUqvSHgew,MS6E112a
http://rdfh.ch/0112/u_pnOQElT1eYYfFgyY1jSg,MS6E112b
http://rdfh.ch/0112/kKoAGvKwSBCZoJ2elewdtQ,MS6E112c
http://rdfh.ch/0112/0v8vlBGHTvuo844rat4wyA,MS6E112d
http://rdfh.ch/0112/RkLW3f9vQrOh3nxvvyNuSg,MS6E112e
http://rdfh.ch/0112/HY03GEEPT5KHgw61vfPNIA,MS6E112f
http://rdfh.ch/0112/4KYsCGB_QqSxophXWJTUFQ,MS6E112g
http://rdfh.ch/0112/LF-odFTXSHSgkYnQc713KA,MS6E113a
http://rdfh.ch/0112/ySCvnXw7QhOtBuWazsfatQ,MS6E113b
http://rdfh.ch/0112/HZS4MfMSSKCF0hicWRVD_A,MS6E113c
http://rdfh.ch/0112/Z8rqRyfvQdeRsZYkwhGptQ,MS6E114a
http://rdfh.ch/0112/TmNX6hB8TPmjk-PD9OV4EA,MS6E114b
http://rdfh.ch/0112/q3SraUHMRHWBWh2tQCvx-g,MS6E115a
http://rdfh.ch/0112/TPjmuegoS52qlZk7wetcJw,MS6E115b
http://rdfh.ch/0112/usQNU0-mTS-jn9ZifIYqGQ,MS6E115c
http://rdfh.ch/0112/dL9EZIvGQLe5vnKIo1bEig,MS6E115d
http://rdfh.ch/0112/6DvK2rYvTHeYlxHtsmDZdQ,MS6E115e
http://rdfh.ch/0112/oFy8Se7CRCiLTVR_HAn7tQ,MS6E115f
http://rdfh.ch/0112/5xZkTmuwRROc36mkTpIm0g,MS6E115j
http://rdfh.ch/0112/ZIf68Ci-Tj-FQgkgwjBfVA,MS6E116a
http://rdfh.ch/0112/c0OqmWbQSMC-qIGvnD-6FQ,MS6E117a
http://rdfh.ch/0112/RNX2WFXERDClTx8qwXshaA,MS6E118a
http://rdfh.ch/0112/q4xYOo8ZTRSF24VD0EmKoQ,MS6E118b
http://rdfh.ch/0112/7gLxjDfcS_-BNoltbrXCTQ,MS6E119a
http://rdfh.ch/0112/oL_w_prbR0-rpNO9j-eiQA,MS6E119b
http://rdfh.ch/0112/idL3KuzETuSCm03gtKBxjQ,MS6E119c
http://rdfh.ch/0112/4RByOBBQT6ef2wIO2FritA,MS6E119d
http://rdfh.ch/0112/JhwcIz20QCuzsd0Qq7fikw,MS6E119e
http://rdfh.ch/0112/l-PoI4PbRy2HnFk4kXgAGA,MS6E119f
http://rdfh.ch/0112/nVE2iCxOTbKSNjCun-WjCw,MS6E119g
http://rdfh.ch/0112/ZL6_pF7LRRWb6LSAeDZ0Gw,MS6E119h
http://rdfh.ch/0112/uKev6gs5TnaAampgiPda6w,MS6E119i
http://rdfh.ch/0112/tUAF_gYyRvCgh0Iw294aDg,MS6E11a
http://rdfh.ch/0112/w-u3ciJdTduYoRX_VL9P1Q,MS6E11b
http://rdfh.ch/0112/S3f9qWbGQ-ObPxtov_ep8A,MS6E120a
http://rdfh.ch/0112/-o91YJddTSiiBFnmjLqm-w,MS6E120b
http://rdfh.ch/0112/6QaRaOhRT-u4-veJDhylmg,MS6E121a
http://rdfh.ch/0112/_PFlm_DVS_iOyC-ba0oaCg,MS6E121b
http://rdfh.ch/0112/R99BPBTzQ8aP7TwOQ_NhQA,MS6E121c
http://rdfh.ch/0112/W_d7J6SBTFqh_tWnYYhD7g,MS6E122a
http://rdfh.ch/0112/sAGjlGRBTDaTjZEvv2fN6Q,MS6E122b
http://rdfh.ch/0112/_kSdE2yGQZOAIMbn-hpB5w,MS6E122c
http://rdfh.ch/0112/Unw82RkMQBe7Ulz34YBWvg,MS6E122d
http://rdfh.ch/0112/bfsJNhCqR02U5RUdcFPNxg,MS6E122e
http://rdfh.ch/0112/tnFg82sqRymP0rygOPxWHQ,MS6E122f
http://rdfh.ch/0112/Yxj5fUbJQa-4XKkQW7R4dw,MS6E123a
http://rdfh.ch/0112/g1_5xD7dTP20gigJU3c2sQ,MS6E123b
http://rdfh.ch/0112/oSQGTiwqT8uD9_wcmUJNjQ,MS6E123c
http://rdfh.ch/0112/SQhvz8dFTOmhoBfz0TM2_Q,MS6E123d
http://rdfh.ch/0112/0e71L9BWTIK0U47GMIcQ2Q,MS6E124a
http://rdfh.ch/0112/qktFXMW6TSeYlJVTkAVFeQ,MS6E124b
http://rdfh.ch/0112/Zelo3ZIKTuyv798qALbi4A,MS6E124c
http://rdfh.ch/0112/r2taR-CXSmGk02vjQSteUw,MS6E124d
http://rdfh.ch/0112/ofSino5aQkigc0wXM2Zy5Q,MS6E125a
http://rdfh.ch/0112/80KPorzjTDGMjmEjX1Vujg,MS6E125b
http://rdfh.ch/0112/ktgBHpAgTxWMWuhA7K26cA,MS6E125c
http://rdfh.ch/0112/Xe4oX4EnQOuWm_NAAZyglw,MS6E125d
http://rdfh.ch/0112/cu7IL13eQfa5nWrFfUKZJA,MS6E125e
http://rdfh.ch/0112/xjYABJBrQqiUl9dMVj75Kw,MS6E125f
http://rdfh.ch/0112/OxkewqUZRRqKBlwG3h-4XA,Ms6E125g
http://rdfh.ch/0112/5r5mg6gYQ-qsbJTQQO7LRA,MS6E125h
http://rdfh.ch/0112/fE-kPuTWQS2rxX13BjDXDA,Ms6E126a
http://rdfh.ch/0112/4wlegYEtTVm4BsyFR-nirQ,MS6E126b
http://rdfh.ch/0112/a6TGqhHwSMuIZzZiyVz-Vw,Ms6E126c
http://rdfh.ch/0112/EVbhFmS6T0aZj3ZkBfoa7A,MS6E126d
http://rdfh.ch/0112/rYzIGvQMT6y9AOHKwsnJFw,MS6E126e
http://rdfh.ch/0112/XWCv52CbRK-9mXS1o79Mjg,MS6E127a
http://rdfh.ch/0112/MJDG4XJ0SXWuOu2W3Zz8CA,Ms6E127b
http://rdfh.ch/0112/bTooFc88Q7i9Dwtf4f1Jpg,MS6E127c
http://rdfh.ch/0112/xEkPNaPATg-A9OOBykigeg,MS6E127d
http://rdfh.ch/0112/u0LilyZWRBWMR20euv3tiw,MS6E127e
http://rdfh.ch/0112/fA8fgzpCTFaWcIljjT2mqQ,MS6E128a
http://rdfh.ch/0112/Ft6mDH0rQV6FM_16hIyu-g,MS6E128b
http://rdfh.ch/0112/Um58V63nQ-279gMRcBbL2A,MS6E128c
http://rdfh.ch/0112/rqW4S5rHQomPQAhnQxHoXg,MS6E129a
http://rdfh.ch/0112/-CDpzV-1Rty9PEicVUfKKw,MS6E129b
http://rdfh.ch/0112/qURoE5BYSoyu-UNIMc3EcQ,MS6E129c
http://rdfh.ch/0112/m7BCvO4OQ9iOZJtMhAU8Dg,MS6E129d
http://rdfh.ch/0112/SnKO2awwTFe226G3PJgJdQ,Ms6E129e
http://rdfh.ch/0112/cVPZT_f5RtKMr2QRsCFn8Q,MS6E129f
http://rdfh.ch/0112/KqjK7lQyR4OI75EwCxzniA,MS6E129g
http://rdfh.ch/0112/iPDk2B0qQfqeuZTxSRbr8Q,MS6E12a
http://rdfh.ch/0112/90i6QlNQRdijhRDB7svmsw,MS6E12b
http://rdfh.ch/0112/lAvtYaVnTGql0Y3vcM5p4Q,MS6E12c
http://rdfh.ch/0112/5u80RwWoRcCk_I2SwMXMuw,MS6E12d
http://rdfh.ch/0112/0iu286dZTcW2Cj5F2igmsg,MS6E12e
http://rdfh.ch/0112/1gvRyfmJQui2eNgmgfWKhg,MS6E12f
http://rdfh.ch/0112/DsjgJfNXTNyinwXxH1kiZg,MS6E12g
http://rdfh.ch/0112/7UcARmqPTCGRFZAT9hlt3g,MS6E130a
http://rdfh.ch/0112/KceiuUO5Smaf46Vwdc-x3w,MS6E130b
http://rdfh.ch/0112/jCuqHs3ERyyCiwOVFjcYpQ,MS6E130c
http://rdfh.ch/0112/3iBq0njbT6axLM0Ha381xA,MS6E131a
http://rdfh.ch/0112/GXhpGIAHRkK41B9F7hiIRg,MS6E132a
http://rdfh.ch/0112/k2DVvf-aQt-7R0bthyKAvw,MS6E133a
http://rdfh.ch/0112/bkBQWQ86QMaacYtfZ8ZG-g,MS6E134a
http://rdfh.ch/0112/D1AwfmNhTDmuCbsPFLbD4A,MS6E134b
http://rdfh.ch/0112/DSh0jQO0Rty5Sr1XnT8lDA,MS6E135a
http://rdfh.ch/0112/1WTpd4CNR66qssE45IJoRA,MS6E135b
http://rdfh.ch/0112/t2qIgojtTjKBcDqmn6ZddQ,MS6E136a
http://rdfh.ch/0112/FfUC1A-RRgidHzK_DCQ_eg,MS6E137a
http://rdfh.ch/0112/1X2TPy-UThyRYPsvpHgrwQ,MS6E137b
http://rdfh.ch/0112/MGlaffX3Q1iiPrT_-V1m1Q,MS6E137c
http://rdfh.ch/0112/NGQcqsPATL2kOdNkEne6rw,MS6E137d
http://rdfh.ch/0112/1_kO3yyxTM2zQ2jeh8YLQw,MS6E137e
http://rdfh.ch/0112/ts45KsFbS5my8HObpsR1jQ,MS6E13a
http://rdfh.ch/0112/s8IZEgC_Qoery3AwOykCPw,MS6E13b
http://rdfh.ch/0112/5z_ZH7kPTWi1iHb7ZLxCMA,MS6E13c
http://rdfh.ch/0112/0-sk9Pl7SsmXo3JpCRgULg,MS6E13d
http://rdfh.ch/0112/afxszWMSRPm5QDWu-CNCSA,MS6E14a
http://rdfh.ch/0112/0VhWZfjcRAybJOdbckxIiA,MS6E15a
http://rdfh.ch/0112/4o5mtFzqQ7OtIp-0oasKOw,MS6E15b
http://rdfh.ch/0112/SPLqPAeFTAObuFlQ_FrJaA,MS6E15c
http://rdfh.ch/0112/mG5G3yakRJi3QTlFmaCZdg,MS6E15d
http://rdfh.ch/0112/8gmHwsnVRimluzSzEJRLyw,MS6E15e
http://rdfh.ch/0112/DBBPqCd7Sry-p4H9kppWgg,MS6E16a
http://rdfh.ch/0112/LJSgfpT2RVCJm32_c9YrUQ,MS6E16b
http://rdfh.ch/0112/Q6kT6WlXQB6cLipo2oIpnw,MS6E16c
http://rdfh.ch/0112/u6dcQgDeSr6WqJsp4jyUZA,MS6E16d
http://rdfh.ch/0112/TCjOy2fFRgiDb8otPlEGAg,MS6E16e
http://rdfh.ch/0112/NPkZQjsnSZq--vAZ2bK6ww,MS6E16g
http://rdfh.ch/0112/SF2fqsKTQ5ysi9mrujV1tw,MS6E16h
http://rdfh.ch/0112/-HMuqCdVS_a_hp3BtZZucw,MS6E17a
http://rdfh.ch/0112/NSL2dMqKSFGkwLn2JmPDAg,MS6E17b
http://rdfh.ch/0112/6S_z8mhtTOWmiYEXo8ocvQ,MS6E17c
http://rdfh.ch/0112/D4E83PZdQxuDif34PEJiAQ,MS6E17d
http://rdfh.ch/0112/xGp90YSkRvKNVQZ2FI8DcA,MS6E18a
http://rdfh.ch/0112/ZfG9OKM_QbeCb4h5xZY2ew,MS6E18b
http://rdfh.ch/0112/8fIP9yrvQK-tONETRsMYSQ,MS6E18c
http://rdfh.ch/0112/YjsUSiv3Ttu0__Bpdv-Crw,MS6E18d
http://rdfh.ch/0112/JXFGLqukSsySGwGatFrqQA,MS6E18e
http://rdfh.ch/0112/SBCb7ZouTfidTnIijzkOzg,MS6E18f
http://rdfh.ch/0112/g4CEGlriRs2S_UivmpQ1OA,MS6E19a
http://rdfh.ch/0112/Gy0nCnyJSy2E4Xk659XVrA,MS6E19b
http://rdfh.ch/0112/MfUp273dRvODBO9LsRz5tg,MS6E19c
http://rdfh.ch/0112/elYBTqVSSPehJpf99lEz5A,MS6E19d
http://rdfh.ch/0112/uv8d-zZvRB6eZ9Zpge1glA,MS6E19e
http://rdfh.ch/0112/Sh8N9TfkQWKocKyT_3944A,MS6E19f
http://rdfh.ch/0112/yn_yRjV-Q0urnyjCkvSwIQ,MS6E21a
http://rdfh.ch/0112/JSLWlZT4S3eUiHiGv-VbLQ,MS6E22a
http://rdfh.ch/0112/Xq--2tHVRmKDf3CgpQA-aQ,MS6E23a
http://rdfh.ch/0112/jxBy5RysR-eWphVbBnqexg,MS6E24a
http://rdfh.ch/0112/fI0jVsQ5StSLUoQJ1H76mw,MS6E25a
http://rdfh.ch/0112/UX8v0ZIKQIuiJ_CDAiThYw,MS6E26a
http://rdfh.ch/0112/N4ASVpnLQXe25A71iQn6cw,MS6F101a
http://rdfh.ch/0112/65SU6rYcQ_2wYF2lYVWvkg,MS6F101b
http://rdfh.ch/0112/ePS581FgShKb-AtBbeA-lg,MS6F11a
http://rdfh.ch/0112/CT9JfUx5QkyORHH1cechUA,MS6F141a
http://rdfh.ch/0112/uKhaGJiBQKWmN8qCTbGW7Q,MS6F142a
http://rdfh.ch/0112/6xh8i1IQQEe-lxA6nU03Tw,MS6F142b
http://rdfh.ch/0112/11LBjSe8QTabWmCzrHOTkA,MS6F143a
http://rdfh.ch/0112/ASYMIxWfRvqsnm4vrzwVlQ,MS6F143b
http://rdfh.ch/0112/zQM3zAJyROy0ykBPDANaLg,MS6F143c
http://rdfh.ch/0112/YR4rHiljTlSSzorkOYhFnw,MS6F151a
http://rdfh.ch/0112/OQSB-RZwTJ-FUivSwjlEyw,MS6F151b
http://rdfh.ch/0112/5xMWfpoFTJKrwmLWLUiuiA,MS6F151c
http://rdfh.ch/0112/P-SI3GLmTramX1gcjqfogQ,MS6F151d
http://rdfh.ch/0112/CxvH1fOzTJaosJ5b4u1U0A,MS6F151e
http://rdfh.ch/0112/y9TmbKWSSgqZ6Db6bxglqw,MS6F151f
http://rdfh.ch/0112/6Lsp2sB9TY6jiW5kKlTh3Q,MS6F152a
http://rdfh.ch/0112/IWJ8XaitRRuK-gokKQoFlQ,MS6F152b
http://rdfh.ch/0112/6GX2EEOGQhO4G2daHZ42Lg,MS6F152c
http://rdfh.ch/0112/mRthMRTsT2Ktw6u-e_txDA,MS6F152d
http://rdfh.ch/0112/hLLDTY4dTU6u_1uO_XkBXg,MS6F152e
http://rdfh.ch/0112/3kVAk52gQRi7zcFJt7jUqA,MS6F152f
http://rdfh.ch/0112/1ZzfMK-iTOudjTp2GsMuzw,MS6F152g
http://rdfh.ch/0112/XopkBIQHQNKJzPuhWRlwDQ,MS6F152h
http://rdfh.ch/0112/qmyIZqXQQZ6ir0ag9MB7Hg,MS6F152i
http://rdfh.ch/0112/5eRVSN5JR96mUEhswc4USQ,MS6F161a
http://rdfh.ch/0112/u6Bm0IiyS6aq8N0oVUSrQQ,MS6F161b
http://rdfh.ch/0112/fqYVqmyiRFWrXsAApfbh_g,MS6F161c
http://rdfh.ch/0112/vDKDU0D0QQG3Zzv07Uysxw,MS6F171a
http://rdfh.ch/0112/etIN0rQjRBq_otqlKBVOOA,MS6F171b
http://rdfh.ch/0112/8h9wQLkPQ_iP-24WiRdsiw,MS6F171c
http://rdfh.ch/0112/wacGy-eAQNCQJwcM4rFXFA,MS6F171d
http://rdfh.ch/0112/Wd4xyzicSBCsYf-voQb0pA,MS6F171e
http://rdfh.ch/0112/SpYqHNqOToWp5qWSq6wmTw,MS6F181a
http://rdfh.ch/0112/f2f0BTeISAO99OPPR9r47g,MS6F181b
http://rdfh.ch/0112/3EmNsUlqRnOrsgodVVimNw,MS6F21a
http://rdfh.ch/0112/Hwj-SJxXRHSjzPQuU9DZEg,MS6F21b
http://rdfh.ch/0112/KEr_S6jaTIqx1u2a328GSw,MS6F21c
http://rdfh.ch/0112/tgHj0dO6SEGrkLKBfRmmoQ,MS6F21d
http://rdfh.ch/0112/Dhn1t8LMQt6kzWbT3Iz59w,MS6F21e
http://rdfh.ch/0112/33-Ub_NFTFyFMnbh7sv0Jg,MS6F21f
http://rdfh.ch/0112/xj7Q0SI_Sn6LduMiKknJHw,MS6F21g
http://rdfh.ch/0112/HVwqm2jISXeG3mEX418NGw,MS6F22a
http://rdfh.ch/0112/l8q8AI2wTOGk1ghVMK59HA,MS6F31a
http://rdfh.ch/0112/ZkXrih-JR9-3kSb85QawoQ,MS6F31b
http://rdfh.ch/0112/8sIb4mCsRyeWYyn32lHJwQ,MS6F32a
http://rdfh.ch/0112/EifQJhnNSWqtuIx5VHeZLQ,MS6F33a
http://rdfh.ch/0112/UmQiwLr_SzaEpL5CYwy05w,MS6F41a
http://rdfh.ch/0112/VOHQrkHpQuOhsd2rxjfamA,MS6F41b
http://rdfh.ch/0112/b2FiMXIHTLWtDVRP6jSaxQ,MS6F41c
http://rdfh.ch/0112/qrs4lntiRCu33l8HJ1wYhw,MS6F41d
http://rdfh.ch/0112/liIGBiILREmSCh9kdB_V6g,MS6F41e
http://rdfh.ch/0112/QHqp_swHQCOqQ46Ufh1hXQ,MS6F42a
http://rdfh.ch/0112/_zmRKX3PQ8WSI3BJQ2xjyg,MS6F42b
http://rdfh.ch/0112/e5T-wbqsRMidY8o9QfOTfw,MS6F42c
http://rdfh.ch/0112/NeqlqRnkQXySD9CvrrHC0g,MS6F43a
http://rdfh.ch/0112/rO8cDqw8SIGBh6s4VKHnFA,MS6F43b
http://rdfh.ch/0112/U5TudK0KQ--qKbFamAyhZg,MS6F43c
http://rdfh.ch/0112/E2-WdVB2Q92ZZ4jKHRqvYw,MS6F44a
http://rdfh.ch/0112/YssfER2rTlaQypN1Sg6QOA,MS6F44b
http://rdfh.ch/0112/hnkyh9tVQxKL1NnkXMAW1g,MS6F45a
http://rdfh.ch/0112/1xsffY0_TlioRXDhEuoeYA,MS6F45b
http://rdfh.ch/0112/EJqW881ZR_6QIX7FwXc7qg,MS6F51a
http://rdfh.ch/0112/geccqKA7Q7yyPvf44NXj6g,MS6F71a
http://rdfh.ch/0112/dcOH1kEaS12-w4k9D4cHqA,MS6F81a
http://rdfh.ch/0112/Z7wZSSYOQP2rwG6Uc_ZnEA,MS6F81b
http://rdfh.ch/0112/pkrrjCe-THKrux0E09-95w,MS6F81c
http://rdfh.ch/0112/jbROYb26QQidSQYaGlojCg,MS6F81d
http://rdfh.ch/0112/tlPncmYOQte4AVBS901s_Q,MS6F91a
http://rdfh.ch/0112/nx7adkqERuuhTzMVg50b5Q,MS6F91b
http://rdfh.ch/0112/DED0BUgETuKY0PLiLbrZfw,MS6G11a
http://rdfh.ch/0112/65g-3r7lS0OkAP6PhGZnpA,MS6G11b
http://rdfh.ch/0112/cq4Hg0qMTbqzJ9FWwX-_Xw,MS6G11c
http://rdfh.ch/0112/6xdRatYcQziF9HTsIg7nlA,MS6G11d
http://rdfh.ch/0112/9A4lxjgtTpC941H88gqaJQ,MS6G21a
http://rdfh.ch/0112/S8Jy8Xz4R-Svxp2TrmxorA,MS6G21b
http://rdfh.ch/0112/-zi26u_URbiqKJiQjWR5LQ,MS6G21c
http://rdfh.ch/0112/be9kLbmCS-GpjnQSe8iRaQ,MS6G21d
http://rdfh.ch/0112/w3dNSqP0RbWMTBd8HqRB_Q,MS6G22a
http://rdfh.ch/0112/F7E3mg9oRk6GAPh_x5C_7g,MS6G22b
http://rdfh.ch/0112/3KrlPKOmTNCosbyFH7bjOg,MS6G23a
http://rdfh.ch/0112/6guL1e14QlaibC6xcJbWoA,MS6G31a
http://rdfh.ch/0112/9tvpievnRG-wyn5bzYFOkg,MS6G31b
http://rdfh.ch/0112/AH1WZ9TJRCOwKPNEDMNAeQ,MS6G41a
http://rdfh.ch/0112/5eAcmZMaQPiiGT40KAW31A,MS6G41b
http://rdfh.ch/0112/-FtQggAqSXeZHXNqbm0_BA,MS6G51a
http://rdfh.ch/0112/UwQXiplRToeYu5X8fs6Auw,MS6G51b
http://rdfh.ch/0112/olWnWhD6ScSqrhl3w26G8Q,MS6G51c
http://rdfh.ch/0112/dKaiAbsDS1GVejXeeouFfg,MS6G51d
http://rdfh.ch/0112/669KKFdWTNawk9KC4c7RRA,MS6G52a
http://rdfh.ch/0112/WmNKntweROKTZwF4rOO7CA,MS6G53a
http://rdfh.ch/0112/kVju5x6RQvq9PsNKgfakmA,MS6G54a
http://rdfh.ch/0112/98QTw5dQQ4qysQx3yES_Pw,MS6G54b
http://rdfh.ch/0112/NWwtqE4jSZucYv8KI3uL1w,MS6G55a
http://rdfh.ch/0112/ZShvE4yLSru6qYTldt__3Q,MS6G61a
http://rdfh.ch/0112/KfT-i4ntSY-ttygVk5oiGg,MS6G61b
http://rdfh.ch/0112/5-dAwh7dTCu86nh84vhtuQ,MS6G61c
http://rdfh.ch/0112/KoCkPo4tSEKb5P0vf6_l9Q,MS6G61d
http://rdfh.ch/0112/6ikGubT1TFi5iGPMqRKspA,MS6H1a
http://rdfh.ch/0112/8vwWYQ4gSdeAtFav3jFTVQ,MS6H2a
http://rdfh.ch/0112/VkEOjS5JSMKQlR4qxDTbOA,MS6H2b
http://rdfh.ch/0112/7TRtDy5VQFOMWXJfYw7hJw,MS6H3a
http://rdfh.ch/0112/kRllKiV_R4m_FyMeHTYVTQ,MS6H4a
http://rdfh.ch/0112/epDGe68lSL6a32DfQAUDaQ,MS6H5a
http://rdfh.ch/0112/D9AhLiOsTtKjAadMeAW5_w,MS6H6a
http://rdfh.ch/0112/OZb3KMfoRvmHJ23-YuFxsA,MS6H7a
http://rdfh.ch/0112/_BWxSRgcTsS-8jHL-nfyQg,MS6H7b
http://rdfh.ch/0112/6mRp_2JCQW6IYSCOYGOe2Q,MS6H8a
http://rdfh.ch/0112/wMAmmdDcQJK55TPCi0upLA,MS6H9a
http://rdfh.ch/0112/8C8ZYzNURKa5FLJVu3pN_w,MS7C1a
http://rdfh.ch/0112/7vAnkeNVSxKi8EtQaLjohg,MS7E2a
http://rdfh.ch/0112/UTvzk0SLQM6wZMLUn3nq5Q,MSGF101c
http://rdfh.ch/0112/pEcH0chJRNuRQZY2dN-E7A,MSmanquant!
http://rdfh.ch/0112/l1HW7__MRWO7p3PfYYOkHg,VoirdansledossierRequiem
